Date:,10/6/2026
Username:,ESF2602 Grupo 11
First Name:,Maria jose
Last Name:,Iannello
 ,
Cash Related Items,Market Value,Portfolio Summary,
Cash Balance:,"$8,675.56",Market Value of Long Positions:,"$139,619.85",Portfolio Value:,"$148,282.24"
Short Sale Proceeds:,$0.00,Accured Interest Earned on Bonds:,$0.00,Percentage Return:,-1.15%
Loan Balance:,$0.00,Market Value of Short Positions:,$0.00,Buying Power:,"$156,970.98"
Interest Earn Rate:,$0.00,Net Matket Value of all Positions:,"$139,619.85",Trades Made/Allowed:,55/245
Interest Charged on Loan:,$0.00, , ,SPY ETF % Return:,
Total Mark to Market Value for Futures:,$0.00, , ,SPY ETF at start date:,
Restricted Funds:,$0.00, , ,Current SPY ETF:,
Margin Requirements:,$0.00
