,SPY,TLH,VCLT,MOM_CMD,MOM_EQ,LOW_VOL
2013-01-31,0.0511903672899745,-0.019946044404338448,-0.022715108529820505,0.0,0.08962603724280867,0.06277107172116303
2013-02-28,0.012758953870260159,0.011792004978537829,0.01733856232017028,0.0,0.03185967951928166,0.0446183120274634
2013-03-31,0.037970801323048864,0.0037306672322430234,-0.010950841448123527,0.0,0.06571610439680772,0.0565484848285761
2013-04-30,0.019212412337027196,0.024770756862306342,0.0449977197244682,-0.00021867084000881665,-0.015213922552330655,0.027757942613809032
2013-05-31,0.023610226118466082,-0.04340761797165882,-0.05805080449234035,0.000218718667403639,0.06032062877312989,-0.03236138882134964
2013-06-30,-0.013345131798815024,-0.029673134837372772,-0.04421507744874398,-0.00021867084000881665,-0.06767319230530891,0.014763864404305783
2013-07-31,0.05167743400962088,-0.009327101374603575,0.009834988921200827,0.0,0.08088579443162534,0.032179952541012274
2013-08-31,-0.029992479350923307,-0.009696860344873492,-0.014606453668456476,0.0,-0.0013543687085127117,-0.04900191074060157
2013-09-30,0.03164644167930675,0.014341135888594758,0.005719496492020859,-0.00021809286291885055,0.08027341111802087,0.008317165243471382
2013-10-31,0.04630653913410021,0.010131842000023816,0.025024042534209867,-0.00021866205528975335,0.04375268079620675,0.045099769432658685
2013-11-30,0.029637975905275615,-0.018115206511983728,-0.009287451795288115,-0.00021860553252517345,0.0386513246213824,0.020823631700747972
2013-12-31,0.02592613903855212,-0.018351630674490416,0.008464250933659656,0.0,0.0009902322083997998,-7.922446699759578e-05
2014-01-31,-0.03524820485574853,0.04085235908408369,0.03651056577734457,0.0,0.0010376892844886226,-0.044580639704063035
2014-02-28,0.04551574625871768,0.005333671887012947,0.013807855095590904,0.0002186533313530692,0.06719659034695169,0.024260803488602503
2014-03-31,0.00829519447909055,0.0003735868413186072,0.00838960871638883,-0.00021860553252517345,-0.03378148473743145,0.03188073989974294
2014-04-30,0.00695174795872866,0.01131148945208671,0.025873927243287742,0.0,-0.016254020034325512,0.030183322012846306
2014-05-31,0.023206223137695492,0.021759079945221416,0.018617153065988212,-0.0005,0.028658644003648537,0.002752627882697933
2014-06-30,0.0206452054910502,-0.0028550206373028075,0.0007420493322423116,-0.009521886043186212,0.012585844215789387,0.017069797860081483
2014-07-31,-0.013437839053144107,0.0006354050459993488,0.0009567869958899688,-0.0007189097521841932,-0.028242832989764856,-0.03337697381097574
2014-08-31,0.03946365452188494,0.02666784247350229,0.032564079155690706,-0.015918540143072202,0.0608247222387107,0.03831182694798791
2014-09-30,-0.013796251873505416,-0.013022578323740985,-0.029645942575479145,0.0,-0.021988404093159223,0.001193379846965859
2014-10-31,0.0235511779265829,0.018003220125148323,0.022972959950730454,-0.00021890975218419317,-0.021535498906467776,0.032257335414425096
2014-11-30,0.027471335112026152,0.01214536377502129,0.006027638857381223,0.0,0.04649422468341788,0.05499389247055498
2014-12-31,-0.0025361928098203146,0.014232972325691762,0.017763751303568664,-0.000218122366334228,-0.004154693412289956,0.014253128781233793
2015-01-31,-0.0296293087441305,0.049493493235392316,0.05637288423258946,-0.00021890101663646355,0.011016006794560308,0.005891150993277902
2015-02-28,0.05620442228838085,-0.028809698591959143,-0.03190641879189482,0.0,0.05370128957860363,0.01245487687054313
2015-03-31,-0.015705406452948045,0.009110094852033956,0.0018416144441759652,0.0,0.01591241348511634,-0.005137691760248852
2015-04-30,0.009833777874627803,-0.01098844440909752,-0.02039173828216878,-0.0002184266429109405,-0.07702652742299,-0.02119395140163421
2015-05-31,0.01285612956614246,-0.005132747583905917,-0.028553206690446142,-0.00021931022910348652,0.06724522209755626,-0.0002926486799514789
2015-06-30,-0.020312025702075243,-0.019944719696869617,-0.036807590209045005,0.0,0.01143737355930286,-0.013871913036222353
2015-07-31,0.02258928959607065,0.02497879156987537,0.02770190032652864,0.0,-0.000498703873817242,0.054172588007363624
2015-08-31,-0.060950234844320716,-0.005356596932927005,-0.02118306188795316,0.0,-0.029531098113843163,-0.05364626437609372
2015-09-30,-0.02551572671712854,0.01832449178053186,0.01411027713550328,-0.0004368355631803045,-0.03166096142591798,-0.006981714497538737
2015-10-31,0.0850594776441378,-0.007764290816935304,0.00958009616144695,-0.0002193496502429504,0.07903387852832662,0.06555362989637571
2015-11-30,0.003655244843787875,-0.003971124848378249,-0.002610192428752489,0.00021939777506818636,0.013720458220325662,-0.005448230422070366
2015-12-31,-0.017282865554718585,-0.0036125522954366662,-0.012810247514753015,-0.0002193496502429504,-0.017960006898428183,0.004226481465916355
2016-01-31,-0.04978609189370442,0.037031722962568514,-0.004038765923742527,0.00021939777506818636,-0.08434439129000056,0.009833507439978595
2016-02-29,-0.0008264848113561651,0.01857340836674104,0.010437222800970147,0.0,-0.011013715197193628,0.02499258545143762
2016-03-31,0.06726639340621632,0.0012948835113035795,0.06386729510140432,0.0,0.0663703004403137,0.05487485545255105
2016-04-30,0.003941146779703031,-0.0037655756418480957,0.02322258863496196,0.00043702647188537114,-0.027288175287099217,-0.012419460009034402
2016-05-31,0.017011753375131056,0.002910601972487381,-0.003289801877427334,-0.0005,0.03793180286577379,0.0050305972011351575
2016-06-30,0.003475750579349013,0.04183734449048093,0.04737208323252906,0.175273607881883,0.08654922875933875,0.06930926650099893
2016-07-31,0.036471031596010395,0.0065715988461914066,0.025504638642677824,-6.233739219157998e-05,0.03816305539943125,0.006999703945998459
2016-08-31,0.0011975480749755185,-0.011194539551451665,0.0015883219698364925,-0.058900472573195195,-0.04428292088217037,-0.03527707826988652
2016-09-30,5.817827504550621e-05,-0.003159098737634203,-0.004472680692997888,0.02708811897205954,0.016526722683298058,-0.0030274970470685943
2016-10-31,-0.017337188587174146,-0.02278998945595645,-0.024880858712471365,-0.06808249439690167,-0.026207558182322878,-0.01691696159967969
2016-11-30,0.03683845406186559,-0.05244751602417308,-0.048950083316183224,-0.00043727984573327383,0.04901558374808546,0.0026192230866426743
2016-12-31,0.020271929850810277,-0.0029820160873137436,0.021434847169747195,-0.00028142115327095497,0.021569093148334387,0.04316639236599632
2017-01-31,0.01789465089862463,0.004589177789803056,0.0014545244379371436,0.087461790324878,0.03213177659740091,-0.0025464257768524116
2017-02-28,0.03929145532117162,0.01094159336087519,0.018160282631498825,-0.011186193853767679,0.012137028134798769,0.04100572441279824
2017-03-31,0.0012499171080391225,-0.0015526816667875698,-0.006520641922645343,-0.04383024340831987,-0.0003687812266327729,0.0055656908942337225
2017-04-30,0.009926385791258818,0.012957485411785985,0.01189924631017747,0.00024412815663404962,-0.018691551128219693,0.013882454870406482
2017-05-31,0.014112776237372504,0.009400014111200505,0.0246988817785887,-0.008783987740149601,0.0015642885098942532,0.024588255888507948
2017-06-30,0.006375014997671347,-0.00302626520953142,0.011502522634683654,0.0010287896323868395,0.008346109409475888,0.0009249891942646915
2017-07-31,0.020553917411854528,0.0009909725855195006,0.007807133545214562,0.0003280617385312823,0.03716648367500739,0.017338492059668784
2017-08-31,0.002917801964258615,0.020945560240764216,0.011662014569008283,0.0011379977737859814,0.040309183926539885,-0.001332096725524723
2017-09-30,0.020149327528137917,-0.016784552139107678,0.00011584299572864332,0.0002219481281310891,0.04620299636034303,-0.0004038967492403289
2017-10-31,0.023564271875931686,-0.0008959578222564879,0.007086631392314802,0.05013186371204448,0.07256664990753725,0.030280133091291003
2017-11-30,0.030565677469390984,-0.0014787730587906278,0.0016987309389395744,-0.012060290237125626,0.02602108155689301,0.018282622225394618
2017-12-31,0.01212804714893867,0.005769216796656096,0.02203807170475569,0.07071056100692491,0.007087473339038423,-0.010502647728652469
2018-01-31,0.056358996767470027,-0.02602668874845837,-0.010966089938299617,0.0008127947796955919,0.08459967599319872,0.022992377211653783
2018-02-28,-0.036360305798356696,-0.015651363732023138,-0.0380849228170419,-0.02496096137829018,-0.0427418715388716,-0.0554250905356605
2018-03-31,-0.027410491568409356,0.017616462002858713,0.009424815477475201,0.05770535761438017,-0.05230532790409194,0.0046142810262146845
2018-04-30,0.005168348442851078,-0.016051591628948092,-0.02470365210407721,0.0005387470107720009,0.008736782845140517,-0.0018049152061232262
2018-05-31,0.02430920358755939,0.011956171826689621,0.005076414986053379,-0.018115941778598432,0.097516412772373,-0.00023196202701052375
2018-06-30,0.005750701594156249,0.002709732336374504,-0.01107831700498818,0.1114391297141335,0.004833246846602503,0.027615739325175973
2018-07-31,0.037046300538047916,-0.008854485202745899,0.021715824272450446,-0.05179287283614564,0.037889639763417055,0.04340261803206711
2018-08-31,0.03191983154543632,0.011850228458491596,-0.0032420511822726095,0.029612066751860622,0.069192937878041,0.011009016928298898
2018-09-30,0.005945627493620709,-0.018421776209704976,-0.0027545749219117788,0.0008995729413434077,-0.03581262050054857,0.010333457726616058
2018-10-31,-0.06910418787973283,-0.010824914196604696,-0.03583831174117835,-0.11196910083016359,-0.18571161435082295,-0.01578827716597253
2018-11-30,0.01854913587146778,0.016579773634734174,-0.00821953516961571,0.0018593948671203897,0.046550511769310084,0.057859418286147386
2018-12-31,-0.08804827110390367,0.0409263253040586,0.028275493805060004,0.001827747725658968,-0.11167245686996814,-0.05857283527838313
2019-01-31,0.08006542404657901,0.004418945587615797,0.0402679721876249,0.0017491564982647922,0.02024996544251553,0.052763075493884086
2019-02-28,0.03241582809022958,-0.008010482607148206,-0.004791633678053797,0.0018486106001529556,0.04790169343263407,0.037770660506508895
2019-03-31,0.018100380580014175,0.038863472736948124,0.045149844909318615,0.0017492816829194346,0.0737126098903956,0.02052634099908097
2019-04-30,0.0408529592613851,-0.011845535764454684,0.0017765310676287616,0.0019253532569831755,-0.015175305868811143,0.020157012640615216
2019-05-31,-0.06377152988299184,0.046282707136311885,0.023812844623224194,0.002121897332564515,-0.035493371389086904,-0.007190396790314635
2019-06-30,0.06958671969437957,0.011920981227229621,0.04304838790935972,0.0018156540840044144,0.06550284256163802,0.04066655091757941
2019-07-31,0.01511904014824883,0.0030595663477239743,0.008606245842023741,0.0013043972477244097,0.03967891443392222,0.017302228499076165
2019-08-31,-0.01674346065460619,0.06650766952394349,0.05697047865363958,0.0786231345612986,-0.030326964910098165,0.024774500961386305
2019-09-30,0.019458078432841086,-0.018032488539270863,-0.010769005402991527,0.00111853126351863,-0.04449676219594705,0.007058670697402359
2019-10-31,0.022104797151717648,-0.0048913868377099545,0.002826409009511144,0.04372476989887025,-0.004136641260356268,-0.04986121661686837
2019-11-30,0.036198153983213244,-0.0076304188429658915,0.010210929062137275,-0.05960165457984051,0.014866663620588126,-0.008182505358416371
2019-12-31,0.029055599877072513,-0.019890495525737073,0.0018121579712750968,0.041648743274698086,0.010788145017025219,0.010235627072140095
2020-01-31,-0.0004038059280832007,0.05744769344309075,0.03837806492439322,0.001203414174262063,-0.011491006335609417,0.04958996486733527
2020-02-29,-0.07916607134476428,0.04793823377659101,0.013561714556667104,0.001181104720226367,-0.06915185571811022,-0.07790417366103433
2020-03-31,-0.12487098662894291,0.0564500290778045,-0.08423216516361165,0.0020448529608243504,-0.18508101929753462,-0.10837576776750457
2020-04-30,0.1269833060635508,0.00461219938977786,0.0559271938631265,-0.00019651582907642684,0.1325146232472258,0.06744369446800585
2020-05-31,0.047645609141371725,-0.004316935319517379,0.02044241372580391,-0.0006744607391681585,0.06230160190522986,0.019433737871350838
2020-06-30,0.0177341693459232,0.0017954511853461863,0.02525212961961576,0.02737702630176453,0.0017682457898146047,-0.006402075137488472
2020-07-31,0.058892156227428716,0.027996033019149325,0.057179080709628405,0.10790463097013703,0.11599624883106614,0.07526137484995564
2020-08-31,0.06979688090225,-0.03655770656857382,-0.03837554614043981,-0.0037356731296194763,0.026638068161024167,0.038862568802162385
2020-09-30,-0.03744355708052749,0.007626461921337757,-0.0031804561841518586,-0.10868559392211118,-0.049193592073783404,-0.015234671480658879
2020-10-31,-0.02493369976034543,-0.028082922583051784,-0.008713837737500563,0.007581410221316161,-0.03681289059682985,-0.015910678154136337
2020-11-30,0.10877682274156886,0.010587352973741249,0.06107621919291262,0.009515146515060729,0.13826422975411035,0.061985878661978404
2020-12-31,0.03704855050082756,-0.01056589793078233,-0.0018911947818287533,0.018752912328223514,0.04046375227330022,0.00990441099711451
2021-01-31,-0.01019053879597176,-0.029707195336240666,-0.028090631352736928,0.007783493279690024,0.004075295649821731,-0.03446767787585305
2021-02-28,0.027805614959964142,-0.05257383565987139,-0.0335464239524198,0.06619518232364557,0.04769050064205999,-0.0014377679493835288
2021-03-31,0.045398996924654655,-0.04050012250477408,-0.024678612585495197,-0.0498021958042319,-0.008768715148714771,0.07248625736135454
2021-04-30,0.052910580330707946,0.019199312781928546,0.016430196819537946,0.0996606434159773,0.03603709344118107,0.013123605199380032
2021-05-31,0.00656605549801359,0.0005828098341478238,0.007092233278865434,0.051101472614979805,0.03894438016271153,0.030719028125979243
2021-06-30,0.02242737354966251,0.03184386387665006,0.04014103054407636,0.002927265862698547,-0.05245291733199556,-0.007999863718438804
2021-07-31,0.02441235367004535,0.033312438860218396,0.02197492951599256,0.008798507358788343,-0.028318624812939387,0.036789577026203724
2021-08-31,0.029760169104579015,-0.002139014717140175,-0.004166376936680649,-0.017605277170021173,0.01702650421419786,0.010697645027345527
2021-09-30,-0.04660554935261796,-0.025561772474355537,-0.022470422879931506,0.09408826751921917,-0.019374212656560065,-0.02899637120482631
2021-10-31,0.07016354038498007,0.006461277700769319,0.017349591051731617,0.08732876774467435,0.06723024532016118,0.03764906578819994
2021-11-30,-0.008034916411653215,0.021664977408960562,0.0036217623509353647,-0.16167981507896723,-0.016625149564856945,-0.03267860266256702
2021-12-31,0.0462478641345212,-0.013242195034402271,-0.008167520216629698,0.1341274427777494,-0.022151064566705337,0.08096742749602967
2022-01-31,-0.05274131684383154,-0.032546930380111694,-0.05017029024467634,0.0,-0.08436038964062142,-0.012081961103849227
2022-02-28,-0.029517127786106934,-0.009589882707977226,-0.03136341982563484,-0.0007191176404646722,0.011590034671381099,-0.026265286664310817
2022-03-31,0.03759068918207209,-0.05076524862731102,-0.03289405826694547,0.0978995118454033,0.03992817017967135,0.04720643800986061
2022-04-30,-0.08776902005499188,-0.07797840527461664,-0.09969720744354815,0.024349166586991544,-0.033795420699525715,-0.015391062071181584
2022-05-31,0.0022569772530218746,-0.012917070382254314,0.018205015434094918,0.012827589018614555,0.0414448412642746,0.01659562766026707
2022-06-30,-0.0824605045343666,-0.014251380203739172,-0.04641553766266415,-0.06655960399846506,-0.11474591203437932,-0.026151796988628954
2022-07-31,0.0920876899804215,0.0295567472575049,0.0545781172157036,-0.019473747034944644,0.0669939741871304,0.022965382165037254
2022-08-31,-0.04080192582726849,-0.04555940717774265,-0.0547030056815726,-0.06379278985588704,0.02352522865888602,-0.03989566722110782
2022-09-30,-0.09244600260760782,-0.07135916017629929,-0.08490001787750101,0.0020671787929438246,-0.06530124111692974,-0.06768803025391769
2022-10-31,0.08127572746039502,-0.04069874235667148,-0.020505685682824737,0.0015857062694899504,0.13340486990446032,0.07819104330592294
2022-11-30,0.05559133652290349,0.06491225057379091,0.09915241801384411,0.0031512551003973766,0.012438047846322065,0.049268782492886916
2022-12-31,-0.057628247153628576,-0.017187013317703892,-0.024796040125157903,0.0036263710579080843,-0.03518296634086686,-0.019826973437195253
2023-01-31,0.06288756370288562,0.062026296376027856,0.07687242193802368,0.0028423864018254363,0.020374774657594342,-0.012327914110321624
2023-02-28,-0.02514265156021611,-0.046567357002627596,-0.05814843854453,0.0034578122216597507,-0.012617943861905557,-0.030688757466849056
2023-03-31,0.037077612860413334,0.05147177437813544,0.04594722405446139,0.003990869920783124,-0.0008261340187218689,0.03786932762218798
2023-04-30,0.015974997938033475,0.004046832231456854,0.0070397580072403265,0.003630609395584017,-0.0023044625183387094,0.02958903860441947
2023-05-31,0.004616277344481334,-0.026116655037161762,-0.02863077941843939,0.003751305591955356,-0.045562051947286485,-0.05272275003382337
2023-06-30,0.06479971073208612,-0.0018022385583856826,0.01835861258083482,0.0046067768935904585,0.07162904178560961,0.04173454286687663
2023-07-31,0.03273325825695461,-0.01898822316802906,-0.0029418760117028153,0.003859881793282449,0.028409982907267668,-0.006618526533677328
2023-08-31,-0.016251943528180934,-0.02166954146428135,-0.0204942065806204,0.0049666541064310454,-0.029893818498607894,-0.036235496499843464
2023-09-30,-0.04743446902075976,-0.06457818750972677,-0.05437166961886131,0.003991219279481095,-0.0632258706715885,-0.04257379322965235
2023-10-31,-0.021708661289990272,-0.0400961165752024,-0.04129367946920315,0.003809336300726274,-0.01624836271719503,-0.005284926122212287
2023-11-30,0.09134377913520675,0.08166580402251733,0.11230326578920335,-0.0655492864807265,0.053803385869317634,0.044954807417276435
2023-12-31,0.045655395822225664,0.0739326418981534,0.06819625443540445,0.004274985112027174,-0.002183419055812996,0.0167923877597135
2024-01-31,0.015926453767612703,-0.012377844717064712,-0.007985092883570633,0.00426746168146952,0.05800545106414116,0.03828584471231844
2024-02-29,0.05218682886295478,-0.02388201977047666,-0.027156866584839845,0.004443258895818092,0.07850899788354374,0.029149312603752746
2024-03-31,0.03270196030216255,0.012962235064442718,0.01950919000702589,0.004101227156448672,0.04185480918073371,0.01788629016164366
2024-04-30,-0.04031962876347306,-0.05341515159908938,-0.04918343477768605,0.003822243073594967,-0.04689756886402458,-0.03617823576989661
2024-05-31,0.050579787626914285,0.027944648860632304,0.02959734605727915,0.01770445607097478,0.09558069798654222,0.01055084061566609
2024-06-30,0.03527997366128366,0.015504428621474275,0.0031468592027485975,-0.03253251891960621,-0.00983630559476927,0.007081497641856871
2024-07-31,0.012109231177765745,0.03476268288309514,0.032355600829608644,0.0014981945766527342,-0.016956499336910274,0.016955933399248047
2024-08-31,0.023365395566037783,0.01762956857390452,0.021900382647686012,0.00045840604155073005,0.08538507520696391,0.05908704928816078
2024-09-30,0.021004780000700496,0.021260622258745254,0.02765570587492361,0.06403343081717167,0.09903814901486607,-0.008642208729907109
2024-10-31,-0.008923647328876738,-0.04929720094057655,-0.04393523205670169,0.04249348742370923,0.019868125135347463,-0.019532964689583543
2024-11-30,0.05963353502628643,0.01754350343275135,0.02555123644436086,-0.04732144418534273,0.1676268711070815,0.054977129479682155
2024-12-31,-0.024060273804935917,-0.045789854245874895,-0.044837626415411336,-0.03601845815728777,-0.06578700669818337,-0.0636284158338402
2025-01-31,0.026856560576482114,0.007233347197701523,0.004145712213489361,0.06685607873643395,0.1060762957312367,0.0361759871753416
2025-02-28,-0.012694941488541445,0.04623118231317669,0.034316693201302595,-0.04021738072012693,-0.048463095456463275,0.06325434812988866
2025-03-31,-0.0557191077762873,-0.005111057689715981,-0.01424549635673511,-0.006662536797984896,-0.0947784960416578,0.010801815185816733
2025-04-30,-0.008670166230189347,-0.007157766843336799,-0.013844246625263401,0.05357770610573246,0.027348687932670694,-0.006371214563633444
2025-05-31,0.06284493303163585,-0.025263206183911757,-0.0012406978135706126,0.01322850530262365,0.05200924137111268,0.010429373499177986
2025-06-30,0.051386230006752465,0.022605991500621148,0.029990581970747776,0.004051318985581975,0.07806035220248933,-0.005356436070039372
2025-07-31,0.023031446515753284,-0.007408163294455261,-0.0021307889962014492,-0.006634551059805871,0.004732149272545255,-0.0005051608928907193
2025-08-31,0.02051948404438786,0.00806102572605183,0.007135823079687187,0.06750452360080056,-0.041762534994785494,0.018545470224787943
2025-09-30,0.03562043418529992,0.024296917260074657,0.032923267536314915,0.1707654197205415,0.08876813689583239,0.00034450986381903204
2025-10-31,0.02383739357630099,0.011554588017127054,0.0012803257645144228,0.03820661862146729,-0.007616740975092587,-0.03847404302800716
2025-11-30,0.0019500049129079766,0.005983050358392861,0.008211421459460633,0.10830535729132192,-0.031520519432707964,0.033653525211924426
2025-12-31,0.0007975029584423865,-0.01607423548226583,-0.01525649996998657,0.12090482672781092,0.04476329334651302,-0.02536579963873311
2026-01-31,0.014737728839574471,-0.0006884309195567262,0.004746288778354701,0.11194843036969093,0.12951679843790706,0.03575031894096463
2026-02-28,-0.008641958340223965,0.03734434054680946,0.018533120160897365,0.07538128672098199,0.07651754169948263,0.08420632134079604
2026-03-31,-0.04937956664344334,-0.03765502363863393,-0.029004906975534483,-0.12540063499292575,-0.07375738617669153,-0.04650585546229994
2026-04-30,0.10505268686597247,-0.004973562182045477,0.003307971379093777,0.02229252540649812,0.2041196124403068,0.006359122275037159
2026-05-31,0.05262575303750272,0.004413396815203141,0.015440988172989334,-0.06940549336813923,0.029708380292002887,-0.03178901930631279
2026-06-30,-0.010292566443839024,0.008552777611029683,0.0023309593112121885,-0.1759589398019537,0.050078708289403744,0.04623579847309447
2026-07-31,0.00034817917005858234,-0.03447451446222283,-0.03895451981814968,0.13052503024541023,-0.2897922551642945,0.010640335533760436
2026-08-31,0.029878245068770015,0.011740824489193225,0.009910715260478486,0.002158422846043784,0.36229974585989577,-0.015341132160286972
