Estrategia,Variante,CAGR,Volatilidad,Sharpe,Máx. caída,Sharpe 2013-2019,Sharpe 2020-2026
Momentum,BASE (vigente),0.1618438769229014,0.2376094730352182,0.6844448610904847,-0.3742419535852082,0.8423556154953502,0.6240239460320431
Momentum,Sin filtros absolutos (solo ranking),0.1708422899455317,0.2423379143067266,0.7070054886613827,-0.3730617728136728,0.8276352152442165,0.6633721511270565
Momentum,"Umbrales x2 (r6>10%, r12>20%)",0.1766038087223831,0.2367178541154774,0.7389826448262805,-0.3620651661964752,0.8876233111194141,0.6847310711383808
Momentum,Sin filtro de Sharpe,0.1650138972169262,0.2408257590402824,0.6895585561176197,-0.3678546299952321,0.8569386071311285,0.6255234516284675
Momentum,Top 15,0.1350180936487877,0.2010173849063062,0.6521798049066688,-0.3549424537185429,1.01089556661491,0.448502534690891
Momentum,Top 20,0.128113531455665,0.1856853503247769,0.6569723601804862,-0.3034919067755112,0.999523484905364,0.4360532012031432
Momentum,Límite sectorial 30%,0.1662956249153635,0.2350723698388913,0.7070406908829312,-0.3567175602722391,0.9315390641477544,0.6018798172593812
Momentum,Sin límite sectorial,0.1860835797245073,0.2511062917863702,0.7418963317954935,-0.339529119051471,0.8671161935499193,0.7080793379865697
Low-Volatility,BASE (vigente),0.1071607336590132,0.1196037480284665,0.7779830876441269,-0.178478223989074,1.26959797494853,0.414950962195366
Low-Volatility,Top 15,0.1049851840260618,0.1191292704757851,0.764087168870037,-0.1917684230051809,1.330003503097355,0.3736197960215651
Low-Volatility,Top 20,0.1099213433553907,0.1205025935540314,0.7943388498703335,-0.2218669667718853,1.442002591828255,0.3681967632666255
Low-Volatility,Límite sectorial 30%,0.1065487985195943,0.1195452686640131,0.7736064056595894,-0.1883155129243835,1.367333697321991,0.3479551275403887
Low-Volatility,Sin límite sectorial,0.102522245457884,0.1180876784057499,0.7506915125953401,-0.1852945084528574,1.354807674306216,0.2916776081952792
Commodities,"BASE (vigente, 5 ETF)",0.0794591400739184,0.1698691890165765,0.4395103827339811,-0.3143638938037138,0.2983839157018728,0.550709097351273
Commodities,"Universo original 3 ETF (GLD, USO, DBA)",0.0408344057611338,0.1472090238917686,0.2345053606166155,-0.3283412791492726,0.0151772684257588,0.3598376958180889
Commodities,Umbrales a la mitad,0.052424311770701,0.1760078857216676,0.2853528449835275,-0.3365634138032613,-0.2650045628680707,0.7377591238543224
Commodities,Umbrales en cero (solo tendencia),0.0432542159789195,0.1853700970805975,0.2332919113259554,-0.3727122230409486,-0.261426265273153,0.6580800123819319
Commodities,Sin límite de volatilidad,0.0808961593219546,0.1689579956330707,0.448856748884495,-0.3013141802469549,0.2983839157018728,0.5665869362474195
