Symbol,Description,Quantity,Currency,LastPrice,PricePaid,DayChange,ProfitLoss,MarketValue,ProfitLossPercentage
AFL,Aflac Inc.,18,USD,113.02,115.78,-0.64,-49.68,2034.36,-2.38
ATO,Atmos Energy Corp.,15,USD,157.78,164.01,0.18,-93.45,2366.7,-3.80
CPER,United States Commodity Funds LLC - United States Copper Index Fund,100,USD,39.95,40.94,0.02,-99.00,3995,-2.42
DELL,Dell Technologies Inc - Ordinary Shares - Class C,4,USD,541.49,570.4625,1.90,-115.89,2165.96,-5.08
FRT,Federal Realty Investment Trust.,20,USD,109.01,110.49,-0.38,-29.60,2180.2,-1.34
JNJ,Johnson & Johnson,9,USD,266.67,267.48,-0.90,-7.29,2400.03,-0.30
KO,Coca-Cola Co,28,USD,87.135,89.21,0.30,-58.10,2439.78,-2.33
L,Loews Corp.,23,USD,105.47,108.83,-0.46,-77.28,2425.81,-3.09
LIN,Linde Plc.,5,USD,478.34,464.69,4.97,68.25,2391.7,2.94
MPC,Marathon Petroleum Corp,4,USD,395.64,404.27,3.61,-34.52,1582.56,-2.13
MRNA,Moderna Inc,5,USD,189.58,157.65,-13.88,159.65,947.9,20.25
NUE,Nucor Corp.,5,USD,236.3,239.57,0.62,-16.35,1181.5,-1.36
PG,Procter & Gamble Co.,12,USD,148.305,148.34,-0.02,-0.42,1779.66,-0.02
REG,Regency Centers Corporation,33,USD,72.28,74.68,-0.38,-79.20,2385.24,-3.21
RSG,"Republic Services, Inc.",9,USD,211.025,211.4,-0.90,-3.38,1899.225,-0.18
SGOV,iShares Trust - iShares 0-3 Month Treasury Bond ETF,69,USD,100.685,100.53,0.01,10.70,6947.265,0.15
SNA,"Snap-on, Inc.",5,USD,367.87,368.32,0.79,-2.25,1839.35,-0.12
SPY,SSgA Active Trust - SPDR S&P 500 ETF Trust,71,USD,768.92,762.07,4.72,486.35,54593.32,0.90
TGT,Target Corp,12,USD,159.05,158.875,2.62,2.10,1908.6,0.11
TLH,BlackRock Institutional Trust Company N.A. - iShares 10-20 Year Treasury Bond ETF,254,USD,92.37,95.26,-0.12,-734.06,23461.98,-3.03
USO,United States Commodity Funds LLC - United States Oil Fund,28,USD,145.72,155.46,2.37,-272.72,4080.16,-6.27
VCLT,"Vanguard Group, Inc. - Vanguard Long-Term Corporate Bond ETF",296,USD,68.72,70.89,-0.03,-642.32,20341.12,-3.06
VLO,Valero Energy Corp.,5,USD,392.785,395.626,5.07,-14.20,1963.925,-0.72
