Date,ACWI
2013-02-28,-0.0010020885993212714
2013-03-31,0.018258264785594447
2013-04-30,0.028374272548875812
2013-05-31,-0.0038319939971691586
2013-06-30,-0.026017144882308885
2013-07-31,0.045800250098587236
2013-08-31,-0.02294888273345419
2013-09-30,0.05539239967500964
2013-10-31,0.03950253327380593
2013-11-30,0.015521973046424442
2013-12-31,0.02069241405970068
2014-01-31,-0.04633803884697152
2014-02-28,0.05204727140350163
2014-03-31,0.005708395744885131
2014-04-30,0.011868042740651896
2014-05-31,0.020057328198966662
2014-06-30,0.018182280530815387
2014-07-31,-0.014437278091730676
2014-08-31,0.025761863772261195
2014-09-30,-0.03315811021069004
2014-10-31,0.01205422589354832
2014-11-30,0.013755891804235532
2014-12-31,-0.023576521729028688
2015-01-31,-0.013162492454082408
2015-02-28,0.05508384302179059
2015-03-31,-0.014611556726819686
2015-04-30,0.02865710619651418
2015-05-31,0.0
2015-06-30,-0.025783346996171574
2015-07-31,0.008242198942655099
2015-08-31,-0.0680680322653624
2015-09-30,-0.03437191673934137
2015-10-31,0.07656665143237307
2015-11-30,-0.005338280708644172
2015-12-31,-0.021057725322221055
2016-01-31,-0.053027507049526745
2016-02-29,-0.012485813875048768
2016-03-31,0.07394614980814374
2016-04-30,0.013378724243169993
2016-05-31,0.0033444722948048344
2016-06-30,-0.0004969751432455372
2016-07-31,0.03770234659509719
2016-08-31,0.003427742193754968
2016-09-30,0.009393580843995109
2016-10-31,-0.019119969486972588
2016-11-30,0.010350156865555737
2016-12-31,0.01962290050116211
2017-01-31,0.029068600457976546
2017-02-28,0.025127336190102323
2017-03-31,0.013457311009636763
2017-04-30,0.01612360807282709
2017-05-31,0.0220908889810707
2017-06-30,0.007871274169516163
2017-07-31,0.027332586448260532
2017-08-31,0.0040130418510864185
2017-09-30,0.018800746307671812
2017-10-31,0.021505530982634857
2017-11-30,0.020199039646345174
2017-12-31,0.014503666249826797
2018-01-31,0.05701214513018793
2018-02-28,-0.044750728204350665
2018-03-31,-0.014974733382889016
2018-04-30,0.004044723150968821
2018-05-31,0.004723124817348268
2018-06-30,-0.005853058341456996
2018-07-31,0.030651990322003053
2018-08-31,0.006957884132497316
2018-09-30,0.006096782684623436
2018-10-31,-0.07433346837236954
2018-11-30,0.01585708320354251
2018-12-31,-0.07210158860192062
2019-01-31,0.08042394986333479
2019-02-28,0.02466821477207426
2019-03-31,0.015768086071792364
2019-04-30,0.03423438467586504
2019-05-31,-0.06070778667603305
2019-06-30,0.06490458560234269
2019-07-31,0.0006780860871051786
2019-08-31,-0.022098727752263403
2019-09-30,0.02245945773913638
2019-10-31,0.027389787739783733
2019-11-30,0.023360081602342708
2019-12-31,0.034419734488152276
2020-01-31,-0.014384997576540548
2020-02-29,-0.07489435048286641
2020-03-31,-0.13409904636601677
2020-04-30,0.098289843063611
2020-05-31,0.050931140809033826
2020-06-30,0.029405988232744873
2020-07-31,0.05358108878482981
2020-08-31,0.060254950768836135
2020-09-30,-0.029508250197415098
2020-10-31,-0.022272351705182825
2020-11-30,0.11760952671090252
2020-12-31,0.04687290216114892
2021-01-31,-0.0030864137642430123
2021-02-28,0.022888094472337528
2021-03-31,0.02853743892562388
2021-04-30,0.04245931905844702
2021-05-31,0.014719045898279992
2021-06-30,0.012608844005104647
2021-07-31,0.009091833240066016
2021-08-31,0.021741362969946998
2021-09-30,-0.0422698943896791
2021-10-31,0.05394333918734828
2021-11-30,-0.023074766812324232
2021-12-31,0.03887864980044364
2022-01-31,-0.04547177548150738
2022-02-28,-0.030603313849140612
2022-03-31,0.01941174272719204
2022-04-30,-0.08067754892936108
2022-05-31,0.004469706262078432
2022-06-30,-0.08106932200924644
2022-07-31,0.07068791802508256
2022-08-31,-0.04364301186917874
2022-09-30,-0.09394634918942923
2022-10-31,0.06347172140313861
2022-11-30,0.08336347965564461
2022-12-31,-0.046100508132375095
2023-01-31,0.07504710838028261
2023-02-28,-0.03320535724586937
2023-03-31,0.03332595590008469
2023-04-30,0.015686502697968008
2023-05-31,-0.010476072440630535
2023-06-30,0.05784288785479763
2023-07-31,0.03595992353830768
2023-08-31,-0.029077401248650547
2023-09-30,-0.042797871815478006
2023-10-31,-0.025441113384250036
2023-11-30,0.08886893323974521
2023-12-31,0.04812834180864023
2024-01-31,0.00275145494631035
2024-02-29,0.04507585269255143
2024-03-31,0.03263002801575965
2024-04-30,-0.03550340486723569
2024-05-31,0.04575412549606028
2024-06-30,0.02037801532624406
2024-07-31,0.01539148785970701
2024-08-31,0.024971537787468412
2024-09-30,0.021969516944343237
2024-10-31,-0.020911704854232882
2024-11-30,0.04032461906016804
2024-12-31,-0.026582169442139314
2025-01-31,0.03140420262250343
2025-02-28,-0.0029704226038885784
2025-03-31,-0.03674593044906094
2025-04-30,0.005155120418494308
2025-05-31,0.056927950373057534
2025-06-30,0.04806481875471125
2025-07-31,0.010575380093005293
2025-08-31,0.026777512039866558
2025-09-30,0.03597131406680276
2025-10-31,0.022931083581956058
2025-11-30,0.0004242156584441936
2025-12-31,0.008928625207459406
2026-01-31,0.028341221784608184
2026-02-28,0.012920920529562174
2026-03-31,-0.06113449384401359
2026-04-30,0.09517949690122252
2026-05-31,0.046192447943032455
2026-06-30,-0.0034703056569740376
2026-07-31,-0.003440202208845111
2026-08-31,0.02716870292776008
