anio,p5,p25,p50,p75,p95
0,144000.0,144000.0,144000.0,144000.0,144000.0
1,129761.29154805168,149898.14650374153,155592.55150798606,159840.58964566293,170980.98793356636
2,142438.12979892278,164804.56431948885,176694.01655682843,185138.71943847212,199464.05573498868
3,156675.29724984817,182163.22561752962,198619.44744799973,211773.85673999393,231131.24215298585
4,170938.97154518278,200995.69013789028,221701.8575454068,239774.16241691745,265268.1483101079
5,186792.15539306068,221445.2162429064,246074.2118527128,269318.1909210332,301536.9114846707
6,202748.59412418018,243306.10079899375,272635.21425409894,300899.99744342134,341268.5590134216
7,220061.3379822542,266539.6814720224,300688.2641933999,334694.65526574344,382994.7278820766
8,238204.16325466766,291260.280085478,330611.5605884016,370535.6855514222,428617.63666964706
9,257802.57049753764,317916.9125556788,362406.4069390532,408535.36077554524,477567.6886647762
10,277444.9888762716,345459.64189175033,396171.8299908299,449491.5968812534,529663.6782713404
11,298929.60871853126,374701.08096955036,432190.8134387244,493545.0054590794,586284.193301971
12,320595.63689939847,406328.3882229977,470994.4812085226,540739.4698057162,648027.5000014503
13,344862.7087820147,439266.0658172502,511840.98245935136,590840.8479955053,713651.1261832034
14,355236.5809460674,459823.79801749176,541214.893468501,630169.3965061797,771265.7785108718
15,366451.5270396801,481285.87140987616,572956.5101981414,672253.2994969534,832526.3915933236
16,364828.07319167716,489974.8414897448,591718.4298720756,702291.8252496447,883046.1003651556
17,362285.334932138,499461.3883649246,612386.4840636157,733606.2476035266,936042.5692776089
18,361818.14388167707,509898.9416968655,633464.1118039594,769588.7499889553,995205.2478737142
19,376172.17519145785,535105.729377858,669203.9458547721,821079.9663721123,1070397.5361674535
20,390175.0338849989,562369.6462837665,708713.4071734347,875024.0089593604,1149031.1147736325
21,410133.9441698098,594652.4376707681,753712.235050091,937163.3557319486,1240927.7579024378
22,431113.8480226242,628732.8834405411,802302.1987481423,1002928.7117890186,1336301.7347541626
23,454135.12607841386,667215.1812910591,853049.5349218654,1074745.1882489908,1443591.2960895817
24,476617.4284091793,705588.5569459845,907913.2399727751,1147791.1804357774,1555801.07646876
25,503390.24766418076,748221.7811234291,967387.849569445,1226369.8502950286,1674138.9049779389
26,35194.418413622094,295484.1916734496,527822.0837210413,807564.324119838,1295013.9994522776
27,37398.277152599294,313446.3045687672,561390.0280670454,859622.8420345406,1391267.4575054315
28,39987.40466265261,332174.5535176089,597217.03544293,916238.20615561,1491576.910788594
29,42132.99814930501,352448.89080663095,634456.2294403277,978132.4850723783,1599784.48022973
30,44970.28866184,373096.08422864584,672769.9170784925,1044523.39612316,1716108.5468798517
31,47561.94970141274,395480.2448852193,714451.2776625864,1114088.9383765517,1840102.999874485
32,49142.82372025332,420206.7794648569,760126.0170067828,1185234.4175853597,1978942.4580492764
33,52068.48481571037,445222.89723019046,808520.7471972127,1265123.1918526194,2133332.081696121
34,54782.59435006193,472710.75317883416,859597.3735964845,1349585.0986984554,2294084.062221004
35,58223.519811019054,500519.97502624604,912602.5873724334,1439982.2567424453,2452876.4681503605
36,61877.0508683092,530600.3501290102,969130.522212912,1532850.9748080317,2627705.0633460633
37,66488.06296369959,564640.2483436859,1028475.3018145838,1631423.331330865,2820534.146961902
38,70612.07868613918,599258.9602005306,1093660.8145187171,1737456.282071244,3011618.1327541666
39,74312.46193050791,635525.6212036938,1162048.5158851426,1855521.788251819,3232476.533652697
40,79211.59799065156,674555.9034790877,1236760.769722355,1982649.1810795772,3472333.427751129
41,84409.63945598963,713066.0793032423,1313978.846020854,2113892.8251585998,3724830.0517388964
42,89368.31334728292,755964.784852927,1396108.5451865178,2255414.8627294977,4000661.6225695605
43,94561.44221593582,801952.3681775527,1484207.3863181109,2404848.488354777,4289080.119718799
44,101767.76100711167,850269.5763141599,1580574.8671431022,2563351.9493759386,4613790.234106646
45,107911.88731955737,904995.3535387489,1683743.1554370767,2740369.930151117,4927591.278030435
46,113388.10113422171,959651.3288758642,1786145.2427527835,2919089.2150044874,5282352.998984698
47,120351.4095212284,1016105.8569259599,1898101.9440583377,3116565.475567404,5642017.781244902
48,128214.63112433619,1076558.2378472476,2020158.1835914375,3328293.349881227,6037707.518238771
49,135082.95431878621,1142902.4966528912,2146172.1334751938,3551959.514280474,6482979.771199166
50,145101.12607802535,1211369.656678543,2283788.105292108,3778301.258312328,6955953.0947558675
