,0
cagr_nominal,0.08821537634859755
vol_anual,0.0938067539165577
mdd,-0.20111304899777782
mdd_pico,2021-12-31
mdd_valle,2022-09-30
mdd_recuperacion,2024-06-30
peor_12m,-0.1638546750199098
var95_mensual_hist,0.03953048178128588
es95_mensual_hist,0.05484849117176441
var95_mensual_param,0.03711108881130617
var95_anual_param,0.06509234577443457
sortino_ratio,1.3629958669702835
ret_vol,0.9511017138239853
sharpe_rf_1.7,0.7698780887625988
mu_BL_cartera,0.02992254660227925
beta_vs_SPY,0.6089844206110384
