,SPY,TLH,VCLT,MOM_CMD,ROT_ACC,LOW_VOL
2018,0.42256929544711447,0.19743070455288533,0.0800000000000002,3.610277692867386e-17,0.1148617613612929,0.18513823863870713
2019,0.3468284484335616,0.2287624518719644,0.0799999999999999,1.2991760961131638e-16,0.049999999999999774,0.29440909969447415
2020,0.3390775145189358,0.280922485481064,0.08000000000000011,2.426284390118577e-16,0.04999999999999966,0.2500000000000003
2021,0.23464791496055948,0.38535208503944424,0.07999999999999959,0.05939807467697229,0.049999999999993903,0.1906019253230305
2022,0.29426189632442995,0.32573810367557016,0.07999999999999975,0.04157444359995802,0.049999999999999906,0.2084255564000422
2023,0.4400000000000004,0.07999999999999997,0.0799999999999998,0.0,0.049999999999999906,0.3500000000000003
2024,0.4886256821933613,0.0799999999999999,0.08000000000000002,0.014770005885881043,0.049999999999999004,0.2866043119207588
2025,0.54,0.08000000000000082,0.07999999999999972,0.07888358300739194,0.049999999999996145,0.17111641699261143
2026,0.44000000000000083,0.08000000000000115,0.0799999999999983,0.22067279855601482,0.04999999999999775,0.12932720144398707
