escenario,p_educ,p_villa,villa_financiada,p_her,p_conj,cagr_real
curva,1.0,0.17984,0.17984,0.82666,0.11074,0.035
curva,1.0,0.28304,0.28304,0.88514,0.21404,0.04
curva,1.0,0.40636,0.40636,0.92102,0.34572,0.045
curva,1.0,0.53474,0.53474,0.94974,0.49038,0.05
curva,1.0,0.6558,0.6558,0.96942,0.62714,0.055
curva,1.0,0.75864,0.75864,0.98502,0.74408,0.06
curva,1.0,0.84006,0.84006,0.99328,0.8334,0.065
curva,1.0,0.86566,0.86566,0.9954,0.8611,0.06687781994960496
curva,1.0,0.90058,0.90058,0.9973,0.8979,0.07
curva,1.0,0.94174,0.94174,0.99914,0.94088,0.075
curva,1.0,0.96702,0.96702,0.99964,0.96666,0.08
