escenario,p_educ,p_villa,villa_financiada,p_her,p_conj
base,1.0,0.86566,0.86566,0.9954,0.8611
aportes hasta año 10,1.0,0.70838,0.70838,0.99232,0.70154
shock inicial -30%,1.0,0.69038,0.69038,0.9913,0.6819
inflación 4%,1.0,0.44156,0.44156,0.92944,0.3846
peso se aprecia: educación +20% en USD,1.0,0.82624,0.82624,0.99462,0.82094
UF +15% frente al USD,1.0,0.8005,0.8005,0.99404,0.79458
retorno -1pp,1.0,0.69752,0.69752,0.976,0.67456
retorno +1pp,1.0,0.9525,0.9525,0.99936,0.95186
desempleo 5%/25%,1.0,0.84322,0.84322,0.99506,0.83832
desempleo 10%/40%,1.0,0.82004,0.82004,0.99462,0.81474
