Date,Close/Last,Volume,Open,High,Low
10/08/2026,52.21,102778,52.33,52.525,52.03
10/07/2026,51.93,26437,52.15,52.222,51.61
10/06/2026,52.135,24483,51.43,52.1982,51.39
10/05/2026,51.61,13615,51.68,51.90,51.51
10/02/2026,51.55,27663,51.16,51.56,51.05
10/01/2026,51.80,41458,51.35,51.80,51.31
09/30/2026,51.52,169523,51.93,52.02,51.40
09/29/2026,51.24,31849,51.25,51.469,51.23
09/28/2026,51.74,59727,52.25,52.25,51.5212
09/25/2026,52.78,85289,52.36,52.78,52.1949
09/24/2026,53.20,37587,52.86,53.4665,52.83
09/23/2026,52.80,21660,52.56,52.83,52.462
09/22/2026,52.64,26189,52.26,52.70,52.26
09/21/2026,52.44,56845,52.53,52.59,52.29
09/18/2026,52.70,42932,53.13,53.13,52.68
09/17/2026,52.94,32359,52.97,53.23,52.87
09/16/2026,53.24,44183,53.62,53.62,53.00
09/15/2026,53.58,115670,53.16,53.58,53.16
09/14/2026,52.84,52721,53.05,53.3066,52.67
09/11/2026,52.57,25018,52.99,53.02,52.57
09/10/2026,53.38,70690,53.03,53.61,52.78
09/09/2026,52.64,79247,52.58,52.81,52.49
