,cierre,cierre,cierre,cierre,cierre,cierre,cierre,cierre,cierre,cierre,cierre,cierre,cierre,cierre,cierre,cierre,cierre,cierre,cierre,cierre,cierre,cierre,cierre,cierre,cierre,cierre,cierre,cierre,cierre,cierre,cierre,cierre,cierre,cierre,cierre,cierre,cierre,cierre,cierre,cierre,cierre,cierre,retorno_total,retorno_total,retorno_total,retorno_total,retorno_total,retorno_total,retorno_total,retorno_total,retorno_total,retorno_total,retorno_total,retorno_total,retorno_total,retorno_total
,AFL,AGG,ATO,BK,BNDX,BRK/B,CNC,CPAY,CPER,DBA,DELL,DUK,EFA,EXPD,FRT,GLD,HPE,HUM,JNJ,KO,L,LIN,MCD,MPC,MRNA,NUE,O,PG,QMOM,REG,RSG,SGOV,SLV,SNA,SPLV,SPY,STT,TGT,TLH,USO,VCLT,VLO,SPY,TLH,VCLT,QMOM,SPLV,EFA,AGG,BNDX,GLD,USO,DBA,SLV,CPER,SGOV
fecha,,,,,,,,,,,,,,,,,,,,,,,,,,,,,,,,,,,,,,,,,,,,,,,,,,,,,,,,
2026-09-11,115.28,95.98,163.19,162.66,46.99,510.37,66.42,408.22,39.18,28.93,567.29,119.42,106.7,192.6,114.36,398.77,62.09,409.8,265.58,88.29,108.79,466.22,252.53,395.93,143.97,259.43,59.5,145.27,73.4,74.62,222.74,100.52,58.12,375.44,73.79,764.29,193.4,155.83,95.01,154.9,70.65,390.42,760.0426,94.89,70.5129,72.46,73.7055,106.18,95.6957,46.8459,394.87,155.375,28.9799,57.46,38.395,100.2255
2026-09-14,117.01,95.89,163.84,157.66,46.93,514.95,69.41,412.56,38.26,28.96,534.28,119.02,105.85,193.61,114.53,392.84,55.41,407.02,266.32,89.35,109.2,464.41,257.49,396.45,146.69,254.63,59.27,146.13,72.178,74.53,225.85,100.53,56.84,377.78,73.82,760.88,188.16,158.7,95.03,156.66,70.68,382.95,758.9952,94.6609,70.3189,72.178,73.6756,105.85,95.5512,46.8159,392.84,156.66,28.96,56.84,38.26,100.2294
2026-09-15,117.55,95.85,162.04,154.67,46.87,516.76,67.66,407.75,38.67,28.88,543.51,117.77,105.4,193.9,113.93,394.15,55.88,396.62,267.2,88.71,109.21,462.96,252.78,410.84,143.77,258.82,58.71,146.67,72.0,74.05,223.04,100.53,57.53,374.82,73.42,757.39,185.13,154.4,94.82,161.86,70.65,397.04,755.5139,94.4517,70.289,72.0,73.2764,105.4,95.5114,46.756,394.15,161.86,28.88,57.53,38.67,100.2294
2026-09-16,116.81,95.81,161.96,153.47,46.97,519.8,66.01,402.27,38.59,28.82,563.29,117.76,105.02,189.04,112.42,391.74,56.68,384.72,267.28,87.87,108.79,462.09,248.56,413.92,145.62,260.68,57.15,147.02,72.16,73.26,219.8,100.55,57.05,372.98,72.92,754.05,182.9,154.68,94.93,156.17,70.93,403.28,752.1822,94.5613,70.5676,72.16,72.7773,105.02,95.4715,46.8558,391.74,156.17,28.82,57.05,38.59,100.2494
2026-09-17,116.6,96.33,162.03,153.02,47.11,509.2,67.1,404.26,39.66,28.42,588.4,118.54,106.04,189.08,111.76,398.36,61.04,384.52,270.22,88.06,108.36,458.48,248.48,421.96,158.07,265.14,57.32,147.55,73.104,73.12,218.93,100.56,58.97,371.62,73.06,762.6,183.07,159.83,95.83,155.31,71.64,412.53,760.711,95.4578,71.274,73.104,72.9171,106.04,95.9897,46.9954,398.36,155.31,28.42,58.97,39.66,100.2594
2026-09-18,116.33,95.96,160.3,153.79,47.05,509.77,65.11,397.76,40.23,28.15,568.06,117.53,104.97,190.94,110.91,401.17,60.76,386.22,269.99,88.25,107.77,460.4,248.24,424.89,154.04,248.38,56.66,146.39,72.582,72.95,218.07,100.59,59.93,372.15,72.58,761.69,182.87,158.19,95.16,153.82,71.19,413.28,761.69,94.7904,70.8263,72.582,72.438,104.97,95.621,46.9356,401.17,153.82,28.15,59.93,40.23,100.2893
2026-09-21,115.18,96.21,158.27,153.89,47.21,502.01,64.99,397.22,40.67,28.68,575.31,116.74,106.13,192.15,110.63,398.38,61.75,378.58,269.47,87.12,106.75,457.5,247.88,402.38,172.94,242.4,56.65,146.08,72.796,72.92,213.93,100.6,59.63,369.75,72.18,773.5,184.4,157.71,95.79,148.16,71.63,393.27,773.5,95.4179,71.264,72.796,72.18,106.13,95.8701,47.0952,398.38,148.16,28.68,59.63,40.67,100.2992
2026-09-22,114.6,96.25,157.34,150.17,47.26,503.49,63.3,392.95,41.43,28.55,548.92,116.31,106.5,187.51,110.46,400.07,61.03,372.0,269.19,88.61,105.91,464.91,250.35,389.68,182.56,245.66,56.53,148.22,73.081,73.53,213.88,100.61,60.73,371.8,71.94,773.38,180.25,159.02,95.81,144.08,71.67,377.14,773.38,95.4379,71.3038,73.081,71.94,106.5,95.91,47.1451,400.07,144.08,28.55,60.73,41.43,100.3092
2026-09-23,115.23,95.41,156.24,149.51,46.94,507.17,62.08,395.16,40.61,28.55,549.83,114.17,104.8,188.03,109.39,392.88,62.33,374.78,269.17,88.09,105.04,469.72,238.32,388.38,182.11,246.98,55.61,147.39,72.75,72.73,213.1,100.62,58.16,370.25,71.35,767.81,179.95,156.26,94.34,148.83,70.54,375.84,767.81,93.9736,70.1796,72.75,71.35,104.8,95.0729,46.8258,392.88,148.83,28.55,58.16,40.61,100.3192
2026-09-24,114.01,94.95,156.42,150.19,46.9,505.18,61.92,400.32,40.65,28.55,536.02,113.23,104.5,183.66,110.35,391.69,63.52,380.32,270.68,88.1,105.07,468.14,237.02,390.95,194.82,247.96,55.41,145.68,73.06,72.92,212.72,100.62,57.62,367.71,71.11,767.18,181.09,156.15,93.34,153.09,69.68,382.86,767.18,92.9774,69.324,73.06,71.11,104.5,94.6145,46.7859,391.69,153.09,28.55,57.62,40.65,100.3192
2026-09-25,113.72,95.12,157.21,150.15,46.94,505.48,61.82,398.11,40.61,28.54,562.89,113.35,105.56,187.46,110.52,393.41,62.94,397.93,271.22,87.81,104.82,469.89,236.5,393.52,198.88,247.25,55.54,146.23,72.898,73.23,212.1,100.66,58.14,369.2,71.3,771.35,181.34,157.45,93.38,148.33,69.62,387.18,771.35,93.0173,69.2643,72.898,71.3,105.56,94.784,46.8258,393.41,148.33,28.54,58.14,40.61,100.3591
2026-09-28,113.55,94.65,157.05,148.44,46.84,503.09,62.53,396.23,39.68,28.25,543.43,113.41,105.04,188.58,109.83,377.91,62.63,389.63,271.95,87.18,104.95,472.04,233.6,389.44,197.28,244.49,55.35,149.03,72.915,73.33,212.93,100.67,54.95,369.21,71.12,765.61,179.73,158.43,92.75,150.01,68.97,389.57,765.61,92.3897,68.6176,72.915,71.12,105.04,94.3156,46.7261,377.91,150.01,28.25,54.95,39.68,100.369
2026-09-29,113.66,94.6,157.6,146.98,46.86,502.35,62.21,392.7,39.93,28.25,539.59,114.21,104.54,188.16,109.39,382.89,61.49,386.87,267.57,86.84,105.93,473.37,233.98,392.03,203.46,236.24,55.14,148.32,72.885,72.66,211.92,100.68,55.48,367.08,71.19,764.2,177.78,156.43,92.49,143.35,68.75,387.72,764.2,92.1308,68.3987,72.885,71.19,104.54,94.2658,46.746,382.89,143.35,28.25,55.48,39.93,100.379
2026-09-30,111.78,94.54,156.44,144.63,46.87,497.95,62.12,388.6,39.78,28.14,537.95,114.01,103.89,184.64,108.29,380.84,63.89,381.57,264.74,86.08,104.43,474.65,230.94,395.42,192.57,233.75,54.3,145.28,72.102,71.88,209.87,100.68,54.51,363.35,70.51,762.63,174.59,156.69,92.17,145.66,68.5,387.61,762.63,91.812,68.15,72.102,70.51,103.89,94.206,46.756,380.84,145.66,28.14,54.51,39.78,100.379
2026-10-01,111.18,94.42,156.38,143.92,46.79,500.5,60.99,389.73,39.51,28.13,541.74,113.74,102.82,187.74,108.03,382.76,64.58,379.68,258.66,86.1,105.05,469.45,231.83,420.15,188.94,235.98,53.53,143.95,72.858,71.8,206.98,100.41,55.02,367.72,70.62,763.99,174.62,156.7,92.02,150.02,68.41,408.46,763.99,92.02,68.41,72.858,70.62,102.82,94.42,46.79,382.76,150.02,28.13,55.02,39.51,100.41
2026-10-02,111.54,94.25,157.17,145.4,46.86,502.65,62.99,394.6,39.52,28.21,562.52,114.13,103.96,192.47,106.69,380.14,69.33,388.36,256.03,85.65,106.03,479.48,231.89,422.33,190.01,240.39,54.13,144.91,73.952,71.6,209.56,100.44,54.74,368.9,70.89,769.64,175.96,156.0,91.73,147.37,68.21,406.3,769.64,91.73,68.21,73.952,70.89,103.96,94.25,46.86,380.14,147.37,28.21,54.74,39.52,100.44
2026-10-05,112.38,94.13,158.05,143.75,46.79,504.26,64.3,401.72,39.86,28.46,552.29,113.84,104.03,194.12,105.97,379.55,68.36,404.07,252.93,86.51,105.67,482.38,233.04,433.47,203.21,251.41,53.77,145.94,74.49,71.33,212.83,100.45,55.13,367.4,71.09,774.83,176.37,152.99,91.34,143.99,68.13,419.33,774.83,91.34,68.13,74.49,71.09,104.03,94.13,46.79,379.55,143.99,28.46,55.13,39.86,100.45
2026-10-06,113.63,94.36,159.74,143.73,46.85,505.54,64.61,406.79,40.03,28.85,574.0,115.66,104.22,191.8,106.2,382.27,70.48,404.27,254.78,86.17,106.46,489.95,232.45,432.36,187.46,251.07,54.25,148.41,74.4117,71.42,214.74,100.46,55.45,368.61,71.73,779.09,175.75,154.33,91.56,144.91,68.39,419.22,779.09,91.56,68.39,74.4117,71.73,104.22,94.36,46.85,382.27,144.91,28.85,55.45,40.03,100.46
