,Cartera,Benchmark,AGF,SPY
2013-01-31,0.030002153981663005,0.02259905437614597,,0.0511903672899745
2013-02-28,0.01939475961412216,0.01149292419499866,,0.012758953870260159
2013-03-31,0.027930599753440588,0.02235151595254239,,0.037970801323048864
2013-04-30,0.021787149856795016,0.022882168285885303,,0.019212412337027196
2013-05-31,-0.008230666317660049,-0.014951802077118867,,0.023610226118466082
2013-06-30,-0.018731047033239974,-0.018051095939193743,,-0.013345131798815024
2013-07-31,0.030772162927378544,0.02762698362269357,0.0444630789208621,0.05167743400962088
2013-08-31,-0.023783905047969678,-0.021540395789467655,-0.025362551368960908,-0.029992479350923307
2013-09-30,0.022351387267048346,0.016901254027115304,0.03226277160504239,0.03164644167930675
2013-10-31,0.033858298388885426,0.029963923217905607,0.039590006653119306,0.04630653913410021
2013-11-30,0.013169058585008117,0.00823363640782397,0.022940584630205273,0.029637975905275615
2013-12-31,0.008019352425210421,0.010670331240545677,0.020849762606560105,0.02592613903855212
2014-01-31,-0.008843728067710404,-0.005542351450729511,-0.02915702431650549,-0.03524820485574853
2014-02-28,0.02915502883487394,0.030987230159329568,0.040669780017626236,0.04551574625871768
2014-03-31,0.007599003726845796,0.008337673026787389,0.0060823028295757435,0.00829519447909055
2014-04-30,0.012442333158668911,0.013214267977702296,0.007803637406868227,0.00695174795872866
2014-05-31,0.0176550581762426,0.01504791236406983,0.02055145012271643,0.023206223137695492
2014-06-30,0.010736325652319596,0.011695756649367565,0.016988028019814975,0.0206452054910502
2014-07-31,-0.012710202506908495,-0.015266767049225253,-0.012302812638823924,-0.013437839053144107
2014-08-31,0.03421684685278283,0.03036770239479408,0.03223118693703361,0.03946365452188494
2014-09-30,-0.013096633621803062,-0.01741645987994423,-0.014410276918915917,-0.013796251873505416
2014-10-31,0.01941308585900497,0.02329532214186749,0.019043165268120773,0.0235511779265829
2014-11-30,0.026222272903978664,0.015792338517174716,0.022241317638101603,0.027471335112026152
2014-12-31,0.006215594319737035,0.00103067347032876,-0.0044857794398197315,-0.0025361928098203146
2015-01-31,0.007146398514623488,0.0016247437194692764,-0.019254747375798544,-0.0296293087441305
2015-02-28,0.017743254854833603,0.016039820919663182,0.04757628216342473,0.05620442228838085
2015-03-31,-0.003918654383924432,-0.008167009580824768,-0.01258275007707867,-0.015705406452948045
2015-04-30,-0.010256808542985205,-0.0007665539811197598,0.009611368903472299,0.009833777874627803
2015-05-31,0.004519541163971036,-0.0004490262347328761,0.009281298369504995,0.01285612956614246
2015-06-30,-0.018049366364736426,-0.018377689390800207,-0.02001254436655777,-0.020312025702075243
2015-07-31,0.026240806786056517,0.017115865156709063,0.020618059394846306,0.02258928959607065
2015-08-31,-0.03854196220764236,-0.03664933287248536,-0.05371302659975461,-0.060950234844320716
2015-09-30,-0.007997428508811192,-0.0072062940090241836,-0.02205705227233153,-0.02551572671712854
2015-10-31,0.049329947598495294,0.043854931271892376,0.07118474009663665,0.0850594776441378
2015-11-30,0.00036476393751012394,-0.0028677206487241723,0.0020072927633923167,0.003655244843787875
2015-12-31,-0.009571646554786857,-0.011444697050448639,-0.015453380301709152,-0.017282865554718585
2016-01-31,-0.017430736801602818,-0.023226505689443448,-0.040867358084172085,-0.04978609189370442
2016-02-29,0.007930150552287142,0.0052633271819421115,-0.0018538836107035005,-0.0008264848113561651
2016-03-31,0.049297201367878865,0.05057743252686921,0.05827075659088286,0.06726639340621632
2016-04-30,0.00018026526933973518,0.00928789928962142,0.004896468194152875,0.003941146779703031
2016-05-31,0.009982238386133215,0.01113634175756832,0.01351240413594265,0.017011753375131056
2016-06-30,0.044212236985075495,0.027741278782028464,0.0035157430562271696,0.003475750579349013
2016-07-31,0.022563831044420064,0.01947831250470558,0.032303831926526555,0.036471031596010395
2016-08-31,-0.014087443803551186,-0.006840860157708578,0.0012621357601461643,0.0011975480749755185
2016-09-30,0.0011293621164136648,0.0007251823259125125,0.0012274948780967789,5.817827504550621e-05
2016-10-31,-0.02301013285954772,-0.020611658875578184,-0.016702159057925516,-0.017337188587174146
2016-11-30,0.0018545808915684647,0.0031584200612862668,0.023807354592071575,0.03683845406186559
2016-12-31,0.019349891044235786,0.015543955622427677,0.01831761262495656,0.020271929850810277
2017-01-31,0.01493465096255559,0.011516984669888616,0.015914418334995007,0.01789465089862463
2017-02-28,0.026717777709696557,0.028277535118148636,0.032217648414265415,0.03929145532117162
2017-03-31,-0.0024726517223726692,-0.0037628676252708096,0.0036422495307351817,0.0012499171080391225
2017-04-30,0.008803494667653174,0.008183569105650674,0.010703393559632774,0.009926385791258818
2017-05-31,0.014405996632582798,0.012412566757935254,0.014869431633331228,0.014112776237372504
2017-06-30,0.004397928030599985,0.00284158675981,0.004712744153519423,0.006375014997671347
2017-07-31,0.014766196913428098,0.01681456471370284,0.01835256641201205,0.020553917411854528
2017-08-31,0.009024501264865144,0.00758468942503359,0.003600963894725414,0.002917801964258615
2017-09-30,0.00802491153317204,0.009245132222471171,0.016690616428962073,0.020149327528137917
2017-10-31,0.023285176306471266,0.017000873933118776,0.019993647536049944,0.023564271875931686
2017-11-30,0.015872231360201612,0.02053289384945366,0.024032538094161362,0.030565677469390984
2017-12-31,0.01177317100905958,0.007694764700967409,0.010985594292949532,0.01212804714893867
2018-01-31,0.025399540299651704,0.02617844931499229,0.04611076542414828,0.056358996767470027
2018-02-28,-0.03619761533826196,-0.03242110325142639,-0.032488712944437795,-0.036360305798356696
2018-03-31,-0.005399220388289839,-0.004905423015454834,-0.020315825869524566,-0.027410491568409356
2018-04-30,-0.0040217533737665675,-0.005417796455185164,0.004434043963995542,0.005168348442851078
2018-05-31,0.01770619414359372,0.01924610297189275,0.017308244328590898,0.02430920358755939
2018-06-30,0.012990504535523325,-0.0005073137608805883,0.003580790601965184,0.005750701594156249
2018-07-31,0.022802163109348548,0.02112749747568883,0.030849700718318104,0.037046300538047916
2018-08-31,0.022236711289310918,0.02200493439115996,0.022985465838861453,0.03191983154543632
2018-09-30,-0.0019263087093989452,-0.0003445425286173426,0.00472705928071726,0.005945627493620709
2018-10-31,-0.055951318553879914,-0.051337704643967655,-0.06020620737076342,-0.06910418787973283
2018-11-30,0.022127552849170583,0.013894528813810153,0.015581625858205717,0.01854913587146778
2018-12-31,-0.040328213855523334,-0.044664178501224464,-0.06953937798602648,-0.08804827110390367
2019-01-31,0.04771034323479055,0.060594983643637836,0.06831945857958767,0.08006542404657901
2019-02-28,0.020320977319015998,0.02049291634923547,0.027025116984907956,0.03241582809022958
2019-03-31,0.028901269916778882,0.02438967873612617,0.01754101894623566,0.018100380580014175
2019-04-30,0.016305894813264128,0.01983133425733002,0.033717456541285315,0.0408529592613851
2019-05-31,-0.016510092036417838,-0.019101411719421806,-0.05067378045024137,-0.06377152988299184
2019-06-30,0.046498359199594254,0.04713194519739982,0.06025784150375561,0.06958671969437957
2019-07-31,0.013403264174777552,0.012674715043724314,0.010983972607512079,0.01511904014824883
2019-08-31,0.020181854156990826,0.015159711518210953,-0.010771679252143848,-0.01674346065460619
2019-09-30,0.0009176250657253093,0.0016741828051438775,0.016802160799193715,0.019458078432841086
2019-10-31,0.001636754543187376,0.009493385740397143,0.01957949632979276,0.022104797151717648
2019-11-30,0.009898284449708961,0.0176675095788012,0.028267004139182404,0.036198153983213244
2019-12-31,0.013011737001118791,0.013496120352577226,0.024507689284134996,0.029055599877072513
2020-01-31,0.023062292721250217,0.019399287687189837,0.00023202554155241474,-0.0004038059280832007
2020-02-29,-0.03834085830565623,-0.044487663146474024,-0.0654727457468728,-0.07916607134476428
2020-03-31,-0.08195258154087402,-0.09633362698406067,-0.11009432242168528,-0.12487098662894291
2020-04-30,0.07817661734676279,0.0806281239490089,0.10480539077355705,0.1269833060635508
2020-05-31,0.028059660894914448,0.03286869332999804,0.041876777400380163,0.047645609141371725
2020-06-30,0.01138895244539534,0.01387908500754337,0.01744774039181603,0.0177341693459232
2020-07-31,0.06330825871705988,0.06196727188705892,0.04841136091724211,0.058892156227428716
2020-08-31,0.02311372583604602,0.027234764190527894,0.0562208503794146,0.06979688090225
2020-09-30,-0.026138857284141497,-0.01872957370975795,-0.029810985066184226,-0.03744355708052749
2020-10-31,-0.020370958505956775,-0.02228697980198236,-0.022258187522338938,-0.02493369976034543
2020-11-30,0.07308431707270767,0.07818841675716656,0.09654037588347927,0.10877682274156886
2020-12-31,0.01771096837953923,0.026281465282018267,0.032940265012937744,0.03704855050082756
2021-01-31,-0.01822880042537456,-0.0070557626406204145,-0.009492188006151519,-0.01019053879597176
2021-02-28,0.003929004236798634,-0.0018926551449802093,0.020789969241693993,0.027805614959964142
2021-03-31,0.015760346912868633,0.0119555317462974,0.036000092459883434,0.045398996924654655
2021-04-30,0.03661041726674448,0.040365069353637234,0.04339193149175581,0.052910580330707946
2021-05-31,0.014856980032991117,0.0032128029310203765,0.008134557052465612,0.00656605549801359
2021-06-30,0.014809285908725718,0.022192737109516195,0.017139686781582095,0.02242737354966251
2021-07-31,0.023039742987237558,0.02238815934695982,0.021290111149771918,0.02441235367004535
2021-08-31,0.012301182842396672,0.015757553747642192,0.023523317384108674,0.029760169104579015
2021-09-30,-0.025933588087092244,-0.03254561391238029,-0.039920970972240497,-0.04660554935261796
2021-10-31,0.04686379320896425,0.0450068274241691,0.056038773929286106,0.07016354038498007
2021-11-30,-0.015618827121735193,-0.008655299886937327,-0.009004805116928137,-0.008034916411653215
2021-12-31,0.03486513390275636,0.03259476416167997,0.03828240587425481,0.0462478641345212
2022-01-31,-0.04086456840033531,-0.03920353223698245,-0.04596911155294198,-0.05274131684383154
2022-02-28,-0.021192512917155917,-0.016134397630202066,-0.027297124557950726,-0.029517127786106934
2022-03-31,0.01791931524564631,0.01861587757500676,0.025417852630976845,0.03759068918207209
2022-04-30,-0.06455193301597191,-0.06650386437827632,-0.07797587044425165,-0.08776902005499188
2022-05-31,0.007941359232839309,0.004401741229892977,0.003488558708460367,0.0022569772530218746
2022-06-30,-0.057159118455339275,-0.06354289536425667,-0.0729901778715484,-0.0824605045343666
2022-07-31,0.0553963384692073,0.06445143125187046,0.07915797378023719,0.0920876899804215
2022-08-31,-0.04033500233002959,-0.03239335714126809,-0.04139969161033033,-0.04080192582726849
2022-09-30,-0.07576377640081984,-0.08502419839326134,-0.08383853082784509,-0.09244600260760782
2022-10-31,0.044103091819015665,0.04533992625430042,0.06663408101720582,0.08127572746039502
2022-11-30,0.05616350439819057,0.0582747351087259,0.05839970114291925,0.05559133652290349
2022-12-31,-0.03407914956564088,-0.038965169350344095,-0.04834125896055901,-0.057628247153628576
2023-01-31,0.04497498278492625,0.046151123354550204,0.06003077953516861,0.06288756370288562
2023-02-28,-0.031909947393629505,-0.03655094907304151,-0.02497141658066274,-0.02514265156021611
2023-03-31,0.036237792255625526,0.03129339790069448,0.0349215847422743,0.037077612860413334
2023-04-30,0.012988813305831853,0.009701288025273883,0.015304953388582218,0.015974997938033475
2023-05-31,-0.019029734265752878,-0.020847008775341812,-0.0006253687542275345,0.004616277344481334
2023-06-30,0.03955426579120873,0.04215998042654908,0.05309975013191112,0.06479971073208612
2023-07-31,0.009855793245447582,0.015680880137232005,0.027232087578905124,0.03273325825695461
2023-08-31,-0.020939425917594047,-0.020762064248434846,-0.01609375565125107,-0.016251943528180934
2023-09-30,-0.04845879157854568,-0.04787895821587087,-0.04264215305803817,-0.04743446902075976
2023-10-31,-0.022855635892315474,-0.024912399718338796,-0.02036326406372491,-0.021708661289990272
2023-11-30,0.07242602287161011,0.08188726802203686,0.08288342547963135,0.09134377913520675
2023-12-31,0.04276692242067927,0.04754362048737552,0.044663193398394585,0.045655395822225664
2024-01-31,0.013821202608415278,0.006992300956798828,0.01124628661115407,0.015926453767612703
2024-02-29,0.022683478549235445,0.021091341357572905,0.04095114233207963,0.05218682886295478
2024-03-31,0.02375432432452845,0.027695437578011572,0.029406015854589348,0.03270196030216255
2024-04-30,-0.04086317416621591,-0.038853081707364054,-0.03651236839680314,-0.04031962876347306
2024-05-31,0.03787207263427098,0.037960868840459745,0.04446260914792652,0.050579787626914285
2024-06-30,0.014996869979593945,0.01374301964115118,0.0265750728927163,0.03527997366128366
2024-07-31,0.017031486823712777,0.022426026699497958,0.014875695884389613,0.012109231177765745
2024-08-31,0.031397506189414844,0.02597914668307371,0.02212215360547425,0.023365395566037783
2024-09-30,0.02497871747419154,0.02334627293187107,0.018671986389725174,0.021004780000700496
2024-10-31,-0.017523565570522225,-0.021081526739877038,-0.013740407384736399,-0.008923647328876738
2024-11-30,0.047827339639029784,0.047609989577388226,0.04743358559248224,0.05963353502628643
2024-12-31,-0.041342291483509895,-0.04018802197541468,-0.022759845008581872,-0.024060273804935917
2025-01-31,0.029891710708086834,0.022639602691676416,0.025196569235173782,0.026856560576482114
2025-02-28,0.013164757015867229,0.010850678891162677,-0.00486164987211613,-0.012694941488541445
2025-03-31,-0.02926649372422799,-0.024180666822206837,-0.04337661387051001,-0.0557191077762873
2025-04-30,-0.002421900110081713,-0.01483917461937111,-0.0018783133124192742,-0.008670166230189347
2025-05-31,0.025669983089426942,0.024191295323601116,0.051699238475620336,0.06284493303163585
2025-06-30,0.0324858610011284,0.0318938158225648,0.04269259449611749,0.051386230006752465
2025-07-31,0.007006280320587741,0.005069418600039601,0.015557934389530306,0.023031446515753284
2025-08-31,0.014590688236662866,0.013295412520570458,0.020538209496711857,0.02051948404438786
2025-09-30,0.03916321854688037,0.02596814614567196,0.030245620917126435,0.03562043418529992
2025-10-31,0.00624728955840895,0.009750019510230197,0.02046901679742132,0.02383739357630099
2025-11-30,0.013215079150595553,0.009750412730599184,0.0024385192419050525,0.0019500049129079766
2025-12-31,0.001481706155887801,-0.008628499895925765,0.002315388112317757,0.0007975029584423865
2026-01-31,0.028386886075222113,0.022620419394354174,0.016019123660517526,0.014737728839574471
2026-02-28,0.030441746547365374,0.02078219612477489,-0.0003490512725977516,-0.008641958340223965
2026-03-31,-0.05028620933332602,-0.03548825716349911,-0.047379640392305536,-0.04937956664344334
2026-04-30,0.056331607624597775,0.05461087093643917,0.08520899093287697,0.10505268686597247
2026-05-31,0.015245195374830881,0.018842345383087985,0.04315398671738406,0.05262575303750272
2026-06-30,-0.0012594437864180928,-0.0026712665885764396,-0.006763164942653132,-0.010292566443839024
2026-07-31,-0.0219977366781017,-0.007287692646775741,-0.00016714742424031137,0.00034817917005858234
2026-08-31,0.03778018859432953,0.016008188808323824,0.024495547740142364,0.029878245068770015
